{"count":1,"gauges":{},"self":5.7469424,"total":5.7659036,"children":{"AgentSendState":{"count":113,"self":0.0049494,"total":0.0069561,"children":{"CollectObservations":{"count":12,"self":0.00099779999999999986,"total":0.00099779999999999986,"children":null},"CollectDiscreteActionMasks":{"count":12,"self":0.0010088999999999999,"total":0.0010088999999999999,"children":null}}},"DecideAction":{"count":113,"self":0.0019961,"total":0.0019961,"children":null},"AgentAct":{"count":113,"self":0.008014799999999999,"total":0.008014799999999999,"children":null}}}