{"count":1,"gauges":{"Paddle.CumulativeReward":{"count":365,"max":4.66003227,"min":-0.450000226,"value":0.379999042,"weightedAverage":0.426518857}},"self":52.6730112,"total":199.29382809999998,"children":{"AgentSendState":{"count":65001,"self":1.884058,"total":3.2505235999999997,"children":{"CollectObservations":{"count":21667,"self":0.2744117,"total":0.2744117,"children":null},"CollectDiscreteActionMasks":{"count":21667,"self":0.12350789999999999,"total":0.12350789999999999,"children":null},"AgentInfo.ToProto":{"count":21667,"self":0.3992097,"total":0.9685461,"children":{"GenerateSensorData":{"count":21667,"self":0.5693364,"total":0.5693364,"children":null}}}}},"DecideAction":{"count":65001,"self":142.0386944,"total":142.038689,"children":null},"AgentAct":{"count":65001,"self":1.3206101,"total":1.330603,"children":{"AgentInfo.ToProto":{"count":365,"self":0.0039943999999999995,"total":0.009992899999999999,"children":{"GenerateSensorData":{"count":365,"self":0.0059984999999999995,"total":0.0059984999999999995,"children":null}}}}},"AgentInfo.ToProto":{"count":1,"self":0,"total":0,"children":{"GenerateSensorData":{"count":1,"self":0,"total":0,"children":null}}}}}
