{"count":1,"gauges":{},"self":10.4909664,"total":10.998630499999999,"children":{"AgentSendState":{"count":404,"self":0.0351555,"total":0.0441894,"children":{"CollectObservations":{"count":135,"self":0.0080204,"total":0.0080204,"children":null},"CollectDiscreteActionMasks":{"count":135,"self":0.0010134999999999999,"total":0.0010134999999999999,"children":null}}},"DecideAction":{"count":404,"self":0.4475027,"total":0.4475027,"children":null},"AgentAct":{"count":404,"self":0.0139749,"total":0.0139749,"children":null}}}