{"count":1,"gauges":{},"self":53.3219328,"total":54.978532799999996,"children":{"AgentSendState":{"count":2288,"self":0.0610251,"total":0.0750253,"children":{"CollectObservations":{"count":763,"self":0.0109991,"total":0.0109991,"children":null},"CollectDiscreteActionMasks":{"count":763,"self":0.0030011,"total":0.0030011,"children":null}}},"DecideAction":{"count":2288,"self":1.5345829,"total":1.5345829,"children":null},"AgentAct":{"count":2288,"self":0.0459932,"total":0.0459932,"children":null}}}