{"count":1,"gauges":{},"self":58.6662336,"total":61.170064599999996,"children":{"AgentSendState":{"count":2752,"self":0.1899563,"total":0.21608719999999998,"children":{"CollectObservations":{"count":918,"self":0.0180426,"total":0.0180426,"children":null},"CollectDiscreteActionMasks":{"count":918,"self":0.0080883,"total":0.0080883,"children":null}}},"DecideAction":{"count":2752,"self":2.1711956,"total":2.1711955,"children":null},"AgentAct":{"count":2752,"self":0.11458439999999999,"total":0.11458439999999999,"children":null}}}