{"count":1,"gauges":{},"self":33.3134592,"total":33.4412777,"children":{"AgentSendState":{"count":977,"self":0.054778099999999996,"total":0.059755499999999996,"children":{"CollectObservations":{"count":98,"self":0.0029744,"total":0.0029744,"children":null},"CollectDiscreteActionMasks":{"count":98,"self":0.002003,"total":0.002003,"children":null}}},"DecideAction":{"count":977,"self":0.013875499999999999,"total":0.013875499999999999,"children":null},"AgentAct":{"count":977,"self":0.053162299999999996,"total":0.053162299999999996,"children":null}}}