{"count":1,"gauges":{"PaddleBrain.CumulativeReward":{"count":10000,"max":29.41043,"min":-0.180000484,"value":-0.150000513,"weightedAverage":1.37769}},"self":1395.2574464,"total":2902.954226,"children":{"AgentSendState":{"count":2477251,"self":85.562195199999991,"total":119.138633,"children":{"CollectObservations":{"count":247726,"self":6.0241872,"total":6.0241869999999995,"children":null},"CollectDiscreteActionMasks":{"count":247726,"self":5.3531312,"total":5.3531309999999994,"children":null},"AgentInfo.ToProto":{"count":247726,"self":12.3916392,"total":22.199116999999998,"children":{"GenerateSensorData":{"count":247726,"self":9.807478399999999,"total":9.807478,"children":null}}}}},"DecideAction":{"count":2477251,"self":1323.6284415999999,"total":1323.628424,"children":null},"AgentAct":{"count":2477251,"self":64.025369599999991,"total":64.927376999999993,"children":{"AgentInfo.ToProto":{"count":10000,"self":0.510073,"total":0.90201,"children":{"GenerateSensorData":{"count":10000,"self":0.391937,"total":0.391937,"children":null}}}}},"AgentInfo.ToProto":{"count":1,"self":7E-05,"total":0.000106,"children":{"GenerateSensorData":{"count":1,"self":3.6E-05,"total":3.6E-05,"children":null}}}}}