{"count":1,"gauges":{},"self":25.093257599999998,"total":26.135598299999998,"children":{"AgentSendState":{"count":1161,"self":0.030996299999999997,"total":0.0349962,"children":{"CollectObservations":{"count":387,"self":0.0039999,"total":0.0039999,"children":null},"CollectDiscreteActionMasks":{"count":387,"self":0,"total":0,"children":null}}},"DecideAction":{"count":1161,"self":0.9893561,"total":0.9893561,"children":null},"AgentAct":{"count":1161,"self":0.0170022,"total":0.0170022,"children":null}}}