{"count":1,"gauges":{},"self":126.84450559999999,"total":131.71358189999998,"children":{"AgentSendState":{"count":4209,"self":0.2655142,"total":0.3094839,"children":{"CollectObservations":{"count":1403,"self":0.0340375,"total":0.0340375,"children":null},"CollectDiscreteActionMasks":{"count":1403,"self":0.0099322,"total":0.0099322,"children":null}}},"DecideAction":{"count":4209,"self":4.3945136,"total":4.3945134,"children":null},"AgentAct":{"count":4209,"self":0.16310629999999998,"total":0.16310629999999998,"children":null}}}