{"count":1,"gauges":{},"self":47.380985599999995,"total":48.2373809,"children":{"AgentSendState":{"count":1239,"self":0.0350074,"total":0.0440077,"children":{"CollectObservations":{"count":413,"self":0.0070014,"total":0.0070014,"children":null},"CollectDiscreteActionMasks":{"count":413,"self":0.0019989,"total":0.0019989,"children":null}}},"DecideAction":{"count":1239,"self":0.7863884,"total":0.7863884,"children":null},"AgentAct":{"count":1239,"self":0.024998299999999998,"total":0.024998299999999998,"children":null}}}
