{"count":1,"gauges":{},"self":27.017536,"total":27.1925162,"children":{"AgentSendState":{"count":177,"self":0.0070009999999999994,"total":0.0099863,"children":{"CollectObservations":{"count":36,"self":0.0029852999999999998,"total":0.0029852999999999998,"children":null},"CollectDiscreteActionMasks":{"count":36,"self":0,"total":0,"children":null}}},"DecideAction":{"count":177,"self":0.1510139,"total":0.1510139,"children":null},"AgentAct":{"count":177,"self":0.012983,"total":0.012983,"children":null}}}