{"count":1,"gauges":{},"self":39.6763232,"total":39.9206612,"children":{"AgentSendState":{"count":1061,"self":0.0749624,"total":0.24231529999999998,"children":{"CollectObservations":{"count":1061,"self":0.1673529,"total":0.1673529,"children":null}}}}}