{"count":1,"gauges":{},"self":20.1131136,"total":20.815652099999998,"children":{"AgentSendState":{"count":702,"self":0.0270099,"total":0.0310142,"children":{"CollectObservations":{"count":234,"self":0.0020024,"total":0.0020024,"children":null},"CollectDiscreteActionMasks":{"count":234,"self":0.0020019,"total":0.0020019,"children":null}}},"DecideAction":{"count":702,"self":0.6545207,"total":0.6545207,"children":null},"AgentAct":{"count":702,"self":0.015004199999999999,"total":0.015004199999999999,"children":null}}}