{"count":1,"gauges":{},"self":37.811667199999995,"total":38.5385164,"children":{"AgentSendState":{"count":846,"self":0.0378058,"total":0.047802,"children":{"CollectObservations":{"count":282,"self":0.0069980999999999993,"total":0.0069980999999999993,"children":null},"CollectDiscreteActionMasks":{"count":282,"self":0.0029981,"total":0.0029981,"children":null}}},"DecideAction":{"count":846,"self":0.653025,"total":0.653025,"children":null},"AgentAct":{"count":846,"self":0.024022699999999998,"total":0.024022699999999998,"children":null}}}