{"count":1,"gauges":{},"self":120.57621759999999,"total":124.2247579,"children":{"AgentSendState":{"count":3798,"self":0.22821899999999998,"total":0.2771759,"children":{"CollectObservations":{"count":1266,"self":0.038022799999999995,"total":0.038022799999999995,"children":null},"CollectDiscreteActionMasks":{"count":1266,"self":0.010934099999999999,"total":0.010934099999999999,"children":null}}},"DecideAction":{"count":3798,"self":3.2522688,"total":3.2522686999999997,"children":null},"AgentAct":{"count":3798,"self":0.1171031,"total":0.1171031,"children":null}}}