{"count":1,"gauges":{},"self":12.3680024,"total":12.4570182,"children":{"AgentSendState":{"count":28,"self":0.0049813,"total":0.0059813999999999996,"children":{"CollectObservations":{"count":10,"self":0.0010000999999999999,"total":0.0010000999999999999,"children":null},"CollectDiscreteActionMasks":{"count":10,"self":0,"total":0,"children":null}}},"DecideAction":{"count":28,"self":0.0790433,"total":0.0790433,"children":null},"AgentAct":{"count":28,"self":0.0019993,"total":0.0019993,"children":null}}}