{"count":1,"gauges":{},"self":53.2354304,"total":54.344365599999996,"children":{"AgentSendState":{"count":1498,"self":0.031045399999999997,"total":0.041082299999999995,"children":{"CollectObservations":{"count":500,"self":0.0060341,"total":0.0060341,"children":null},"CollectDiscreteActionMasks":{"count":500,"self":0.0040028,"total":0.0040028,"children":null}}},"DecideAction":{"count":1498,"self":1.0377566999999999,"total":1.0377566999999999,"children":null},"AgentAct":{"count":1498,"self":0.028095,"total":0.028095,"children":null}}}