{"count":1,"gauges":{"Paddle.CumulativeReward":{"count":5,"max":-586.5,"min":-908.5,"value":-799,"weightedAverage":-806.96875}},"self":106.66254719999999,"total":108.75642429999999,"children":{"AgentSendState":{"count":5333,"self":0.1875441,"total":0.2132849,"children":{"CollectObservations":{"count":534,"self":0.020772099999999998,"total":0.020772099999999998,"children":null},"CollectDiscreteActionMasks":{"count":534,"self":0.0049686999999999995,"total":0.0049686999999999995,"children":null}}},"DecideAction":{"count":5333,"self":1.7021526,"total":1.7021526,"children":null},"AgentAct":{"count":5333,"self":0.17644659999999998,"total":0.17644659999999998,"children":null}}}