{"count":1,"gauges":{},"self":676.9690112,"total":717.1102364,"children":{"AgentSendState":{"count":35722,"self":2.3438212,"total":2.8262111,"children":{"CollectObservations":{"count":11908,"self":0.3701318,"total":0.3701318,"children":null},"CollectDiscreteActionMasks":{"count":11908,"self":0.11225819999999999,"total":0.11225819999999999,"children":null}}},"DecideAction":{"count":35722,"self":35.8156448,"total":35.8156446,"children":null},"AgentAct":{"count":35722,"self":1.4973535,"total":1.4973535,"children":null}}}