{"count":1,"gauges":{"My Behavior.CumulativeReward":{"count":3,"max":-609,"min":-619.5,"value":-619.5,"weightedAverage":-613.59375}},"self":37.0712544,"total":37.9078939,"children":{"AgentSendState":{"count":1085,"self":0.0746295,"total":0.0836084,"children":{"CollectObservations":{"count":217,"self":0.0069881,"total":0.0069881,"children":null},"CollectDiscreteActionMasks":{"count":217,"self":0.0019908,"total":0.0019908,"children":null}}},"DecideAction":{"count":1085,"self":0.6883355,"total":0.6883355,"children":null},"AgentAct":{"count":1085,"self":0.06270139999999999,"total":0.06270139999999999,"children":null}}}