{"count":1,"gauges":{},"self":7.3108999999999993,"total":7.4578815999999994,"children":{"AgentSendState":{"count":113,"self":0.0059999,"total":0.0080010999999999988,"children":{"CollectObservations":{"count":38,"self":0.0020012,"total":0.0020012,"children":null},"CollectDiscreteActionMasks":{"count":38,"self":0,"total":0,"children":null}}},"DecideAction":{"count":113,"self":0.1359815,"total":0.1359815,"children":null},"AgentAct":{"count":113,"self":0.0009993,"total":0.0009993,"children":null}}}