{"count":1,"gauges":{"Paddle.CumulativeReward":{"count":5,"max":268,"min":-18,"value":41,"weightedAverage":122.878906}},"self":25.297062399999998,"total":25.574130699999998,"children":{"AgentSendState":{"count":647,"self":0.0089718,"total":0.013987099999999999,"children":{"CollectObservations":{"count":65,"self":0.0030047999999999997,"total":0.0030047999999999997,"children":null},"CollectDiscreteActionMasks":{"count":65,"self":0.0020104999999999997,"total":0.0020104999999999997,"children":null}}},"DecideAction":{"count":647,"self":0.23407309999999998,"total":0.23407309999999998,"children":null},"AgentAct":{"count":647,"self":0.0270078,"total":0.0270078,"children":null}}}