{"count":1,"gauges":{"PaddleBrain.CumulativeReward":{"count":6,"max":72,"min":-18,"value":-18,"weightedAverage":15.3222656}},"self":25.924296,"total":26.466379999999997,"children":{"AgentSendState":{"count":1240,"self":0.075898,"total":0.088353,"children":{"CollectObservations":{"count":124,"self":0.008283,"total":0.008283,"children":null},"CollectDiscreteActionMasks":{"count":124,"self":0.0041719999999999995,"total":0.0041719999999999995,"children":null}}},"DecideAction":{"count":1240,"self":0.34293399999999996,"total":0.34293399999999996,"children":null},"AgentAct":{"count":1240,"self":0.109134,"total":0.109134,"children":null}}}