{"count":1,"gauges":{},"self":1077.2732928,"total":1133.4658287,"children":{"AgentSendState":{"count":55088,"self":3.4578172,"total":4.1352505,"children":{"CollectObservations":{"count":18363,"self":0.52257259999999994,"total":0.52257259999999994,"children":null},"CollectDiscreteActionMasks":{"count":18363,"self":0.1548606,"total":0.1548606,"children":null}}},"DecideAction":{"count":55088,"self":49.7936224,"total":49.793622799999994,"children":null},"AgentAct":{"count":55088,"self":2.2616372,"total":2.2616372,"children":null}}}