{"count":1,"gauges":{"PaddleBrain.CumulativeReward":{"count":12,"max":-10,"min":-10,"value":-10,"weightedAverage":-10}},"self":21.713396799999998,"total":22.166278,"children":{"AgentSendState":{"count":1045,"self":0.066781,"total":0.07597,"children":{"CollectObservations":{"count":105,"self":0.005954,"total":0.005954,"children":null},"CollectDiscreteActionMasks":{"count":105,"self":0.003235,"total":0.003235,"children":null}}},"DecideAction":{"count":1045,"self":0.32209499999999996,"total":0.32209499999999996,"children":null},"AgentAct":{"count":1045,"self":0.052476999999999996,"total":0.052476999999999996,"children":null}}}