{"count":1,"gauges":{},"self":33.360284799999995,"total":35.769383999999995,"children":{"AgentSendState":{"count":1222,"self":0.0721076,"total":0.08803359999999999,"children":{"CollectObservations":{"count":408,"self":0.011963099999999999,"total":0.011963099999999999,"children":null},"CollectDiscreteActionMasks":{"count":408,"self":0.0039629,"total":0.0039629,"children":null}}},"DecideAction":{"count":1222,"self":2.2759929999999997,"total":2.2759929999999997,"children":null},"AgentAct":{"count":1222,"self":0.0430783,"total":0.0430783,"children":null}}}