{"count":1,"gauges":{},"self":42.426051199999996,"total":42.7293988,"children":{"AgentSendState":{"count":1541,"self":0.0800574,"total":0.3013459,"children":{"CollectObservations":{"count":1541,"self":0.2212885,"total":0.2212885,"children":null}}}}}