{"count":1,"gauges":{},"self":68.1061824,"total":69.7905052,"children":{"AgentSendState":{"count":1640,"self":0.1053235,"total":0.1183176,"children":{"CollectObservations":{"count":547,"self":0.011978599999999999,"total":0.011978599999999999,"children":null},"CollectDiscreteActionMasks":{"count":547,"self":0.0010155,"total":0.0010155,"children":null}}},"DecideAction":{"count":1640,"self":1.4919831,"total":1.4919831,"children":null},"AgentAct":{"count":1640,"self":0.0690387,"total":0.0690387,"children":null}}}