{"count":1,"gauges":{},"self":16.2702432,"total":16.8491185,"children":{"AgentSendState":{"count":790,"self":0.023982,"total":0.0299694,"children":{"CollectObservations":{"count":264,"self":0.0029860999999999998,"total":0.0029860999999999998,"children":null},"CollectDiscreteActionMasks":{"count":264,"self":0.0030012999999999997,"total":0.0030012999999999997,"children":null}}},"DecideAction":{"count":790,"self":0.5358811,"total":0.5358811,"children":null},"AgentAct":{"count":790,"self":0.012024199999999999,"total":0.012024199999999999,"children":null}}}