{"count":1,"gauges":{},"self":805.054208,"total":827.86651899999993,"children":{"AgentSendState":{"count":21335,"self":1.3665085,"total":1.6537747999999999,"children":{"CollectObservations":{"count":7112,"self":0.2193972,"total":0.2193972,"children":null},"CollectDiscreteActionMasks":{"count":7112,"self":0.0678691,"total":0.0678691,"children":null}}},"DecideAction":{"count":21335,"self":20.436513599999998,"total":20.436514199999998,"children":null},"AgentAct":{"count":21335,"self":0.7200409,"total":0.7200409,"children":null}}}