{"count":1,"gauges":{},"self":27.876943999999998,"total":28.352862299999998,"children":{"AgentSendState":{"count":575,"self":0.0209973,"total":0.0259901,"children":{"CollectObservations":{"count":192,"self":0.0039926,"total":0.0039926,"children":null},"CollectDiscreteActionMasks":{"count":192,"self":0.0010002,"total":0.0010002,"children":null}}},"DecideAction":{"count":575,"self":0.4359262,"total":0.4359262,"children":null},"AgentAct":{"count":575,"self":0.0120036,"total":0.0120036,"children":null}}}