{"count":1,"gauges":{},"self":3.006388,"total":3.1787693999999997,"children":{"AgentSendState":{"count":103,"self":0.011988299999999999,"total":0.015053799999999999,"children":{"CollectObservations":{"count":35,"self":0.0030654999999999996,"total":0.0030654999999999996,"children":null},"CollectDiscreteActionMasks":{"count":35,"self":0,"total":0,"children":null}}},"DecideAction":{"count":103,"self":0.1533226,"total":0.1533226,"children":null},"AgentAct":{"count":103,"self":0.0020089,"total":0.0020089,"children":null}}}