{"count":1,"gauges":{},"self":16.158328,"total":16.467522,"children":{"AgentSendState":{"count":379,"self":0.014221699999999999,"total":0.0192233,"children":{"CollectObservations":{"count":76,"self":0.0050016,"total":0.0050016,"children":null},"CollectDiscreteActionMasks":{"count":76,"self":0,"total":0,"children":null}}},"DecideAction":{"count":379,"self":0.26298869999999996,"total":0.26298869999999996,"children":null},"AgentAct":{"count":379,"self":0.024982599999999997,"total":0.024982599999999997,"children":null}}}