{"count":1,"gauges":{"My Behavior.CumulativeReward":{"count":1,"max":-825.5,"min":-825.5,"value":-825.5,"weightedAverage":-825.5}},"self":37.412272,"total":38.3856064,"children":{"AgentSendState":{"count":1874,"self":0.091208299999999992,"total":0.10724779999999999,"children":{"CollectObservations":{"count":375,"self":0.0130345,"total":0.0130345,"children":null},"CollectDiscreteActionMasks":{"count":375,"self":0.003005,"total":0.003005,"children":null}}},"DecideAction":{"count":1874,"self":0.7809219,"total":0.7809219,"children":null},"AgentAct":{"count":1874,"self":0.083171399999999993,"total":0.083171399999999993,"children":null}}}