{"count":1,"gauges":{},"self":22.0899744,"total":22.751295,"children":{"AgentSendState":{"count":404,"self":0.0260671,"total":0.0320397,"children":{"CollectObservations":{"count":135,"self":0.0049815,"total":0.0049815,"children":null},"CollectDiscreteActionMasks":{"count":135,"self":0.0009911,"total":0.0009911,"children":null}}},"DecideAction":{"count":404,"self":0.61429899999999993,"total":0.61429899999999993,"children":null},"AgentAct":{"count":404,"self":0.012988699999999999,"total":0.012988699999999999,"children":null}}}