{"count":1,"gauges":{},"self":741.26141439999992,"total":849.4044612,"children":{"AgentSendState":{"count":84840,"self":2.4022737999999997,"total":3.2305918,"children":{"CollectObservations":{"count":56560,"self":0.5780225,"total":0.5780225,"children":null},"CollectDiscreteActionMasks":{"count":56560,"self":0.2502955,"total":0.2502955,"children":null}}},"DecideAction":{"count":84840,"self":103.46510719999999,"total":103.46510529999999,"children":null},"AgentAct":{"count":84840,"self":1.4463281,"total":1.4463281,"children":null}}}